{"width":6,"height":6,"pixels":[[0.4980392156862745,0,0,1],[0,0,0,1],[0.4980392156862745,0,0,1],[0,0,0,1],[0.4980392156862745,0,0,1],[0,0,0,1],[0,0,0,1],[0.4980392156862745,0,0,1],[0,0,0,1],[0.4980392156862745,0,0,1],[0,0,0,1],[0.4980392156862745,0,0,1],[0.4980392156862745,0,0,1],[0,0,0,1],[0.4980392156862745,0,0,1],[0,0,0,1],[0.4980392156862745,0,0,1],[0,0,0,1],[0,0,0,1],[0.4980392156862745,0,0,1],[0,0,0,1],[0.4980392156862745,0,0,1],[0,0,0,1],[0.4980392156862745,0,0,1],[0.4980392156862745,0,0,1],[0,0,0,1],[0.4980392156862745,0,0,1],[0,0,0,1],[0.4980392156862745,0,0,1],[0,0,0,1],[0,0,0,1],[0.4980392156862745,0,0,1],[0,0,0,1],[0.4980392156862745,0,0,1],[0,0,0,1],[0.4980392156862745,0,0,1]]}