{"width":6,"height":6,"pixels":[[0.23529411764705882,0.7843137254901961,0.23529411764705882,1],[0.09803921568627451,0.5882352941176471,0.09803921568627451,1],[0.23529411764705882,0.7843137254901961,0.23529411764705882,1],[0.09803921568627451,0.5882352941176471,0.09803921568627451,1],[0.23529411764705882,0.7843137254901961,0.23529411764705882,1],[0.09803921568627451,0.5882352941176471,0.09803921568627451,1],[0.09803921568627451,0.5882352941176471,0.09803921568627451,1],[0.23529411764705882,0.7843137254901961,0.23529411764705882,1],[0.09803921568627451,0.5882352941176471,0.09803921568627451,1],[0.23529411764705882,0.7843137254901961,0.23529411764705882,1],[0.09803921568627451,0.5882352941176471,0.09803921568627451,1],[0.23529411764705882,0.7843137254901961,0.23529411764705882,1],[0.23529411764705882,0.7843137254901961,0.23529411764705882,1],[0.09803921568627451,0.5882352941176471,0.09803921568627451,1],[0.23529411764705882,0.7843137254901961,0.23529411764705882,1],[0.09803921568627451,0.5882352941176471,0.09803921568627451,1],[0.23529411764705882,0.7843137254901961,0.23529411764705882,1],[0.09803921568627451,0.5882352941176471,0.09803921568627451,1],[0.09803921568627451,0.5882352941176471,0.09803921568627451,1],[0.23529411764705882,0.7843137254901961,0.23529411764705882,1],[0.09803921568627451,0.5882352941176471,0.09803921568627451,1],[0.23529411764705882,0.7843137254901961,0.23529411764705882,1],[0.09803921568627451,0.5882352941176471,0.09803921568627451,1],[0.23529411764705882,0.7843137254901961,0.23529411764705882,1],[0.23529411764705882,0.7843137254901961,0.23529411764705882,1],[0.09803921568627451,0.5882352941176471,0.09803921568627451,1],[0.23529411764705882,0.7843137254901961,0.23529411764705882,1],[0.09803921568627451,0.5882352941176471,0.09803921568627451,1],[0.23529411764705882,0.7843137254901961,0.23529411764705882,1],[0.09803921568627451,0.5882352941176471,0.09803921568627451,1],[0.09803921568627451,0.5882352941176471,0.09803921568627451,1],[0.23529411764705882,0.7843137254901961,0.23529411764705882,1],[0.09803921568627451,0.5882352941176471,0.09803921568627451,1],[0.23529411764705882,0.7843137254901961,0.23529411764705882,1],[0.09803921568627451,0.5882352941176471,0.09803921568627451,1],[0.23529411764705882,0.7843137254901961,0.23529411764705882,1]]}